number,name,node_id,width,height,url
1,Template 01,2:68,595,842,https://www.figma.com/design/WKNUAWm03PdRj6FXZqPQ9j/-60-Resume-CV-Templates--Community-?node-id=2-68
2,Template 02,3:253,595,842,https://www.figma.com/design/WKNUAWm03PdRj6FXZqPQ9j/-60-Resume-CV-Templates--Community-?node-id=3-253
3,Template 03,4:2159,595,842,https://www.figma.com/design/WKNUAWm03PdRj6FXZqPQ9j/-60-Resume-CV-Templates--Community-?node-id=4-2159
4,Template 04,4:2158,595,842,https://www.figma.com/design/WKNUAWm03PdRj6FXZqPQ9j/-60-Resume-CV-Templates--Community-?node-id=4-2158
5,Template 05,301:12047,595,842,https://www.figma.com/design/WKNUAWm03PdRj6FXZqPQ9j/-60-Resume-CV-Templates--Community-?node-id=301-12047
6,Template 06,301:12048,595,842,https://www.figma.com/design/WKNUAWm03PdRj6FXZqPQ9j/-60-Resume-CV-Templates--Community-?node-id=301-12048
7,Template 07,301:10061,595,842,https://www.figma.com/design/WKNUAWm03PdRj6FXZqPQ9j/-60-Resume-CV-Templates--Community-?node-id=301-10061
8,Template 08,301:10067,595,842,https://www.figma.com/design/WKNUAWm03PdRj6FXZqPQ9j/-60-Resume-CV-Templates--Community-?node-id=301-10067
9,Template 09,301:10150,595,842,https://www.figma.com/design/WKNUAWm03PdRj6FXZqPQ9j/-60-Resume-CV-Templates--Community-?node-id=301-10150
10,Template 10,301:10233,595,842,https://www.figma.com/design/WKNUAWm03PdRj6FXZqPQ9j/-60-Resume-CV-Templates--Community-?node-id=301-10233
11,Template 11,301:10342,595,842,https://www.figma.com/design/WKNUAWm03PdRj6FXZqPQ9j/-60-Resume-CV-Templates--Community-?node-id=301-10342
12,Template 12,301:10405,595,842,https://www.figma.com/design/WKNUAWm03PdRj6FXZqPQ9j/-60-Resume-CV-Templates--Community-?node-id=301-10405
13,Template 13,301:10515,595,842,https://www.figma.com/design/WKNUAWm03PdRj6FXZqPQ9j/-60-Resume-CV-Templates--Community-?node-id=301-10515
14,Template 14,301:10621,595,842,https://www.figma.com/design/WKNUAWm03PdRj6FXZqPQ9j/-60-Resume-CV-Templates--Community-?node-id=301-10621
15,Template 15,301:10707,595,842,https://www.figma.com/design/WKNUAWm03PdRj6FXZqPQ9j/-60-Resume-CV-Templates--Community-?node-id=301-10707
16,Template 16,301:10790,595,842,https://www.figma.com/design/WKNUAWm03PdRj6FXZqPQ9j/-60-Resume-CV-Templates--Community-?node-id=301-10790
17,Template 17,301:10832,595,842,https://www.figma.com/design/WKNUAWm03PdRj6FXZqPQ9j/-60-Resume-CV-Templates--Community-?node-id=301-10832
18,Template 18,301:10887,595,842,https://www.figma.com/design/WKNUAWm03PdRj6FXZqPQ9j/-60-Resume-CV-Templates--Community-?node-id=301-10887
19,Template 19,301:11027,595,842,https://www.figma.com/design/WKNUAWm03PdRj6FXZqPQ9j/-60-Resume-CV-Templates--Community-?node-id=301-11027
20,Template 20,301:11072,595,842,https://www.figma.com/design/WKNUAWm03PdRj6FXZqPQ9j/-60-Resume-CV-Templates--Community-?node-id=301-11072
21,Template 21,301:11175,595,842,https://www.figma.com/design/WKNUAWm03PdRj6FXZqPQ9j/-60-Resume-CV-Templates--Community-?node-id=301-11175
22,Template 22,301:11295,595,842,https://www.figma.com/design/WKNUAWm03PdRj6FXZqPQ9j/-60-Resume-CV-Templates--Community-?node-id=301-11295
23,Template 23,301:11357,595,842,https://www.figma.com/design/WKNUAWm03PdRj6FXZqPQ9j/-60-Resume-CV-Templates--Community-?node-id=301-11357
24,Template 24,301:11433,595,842,https://www.figma.com/design/WKNUAWm03PdRj6FXZqPQ9j/-60-Resume-CV-Templates--Community-?node-id=301-11433
25,Template 25,301:11752,595,842,https://www.figma.com/design/WKNUAWm03PdRj6FXZqPQ9j/-60-Resume-CV-Templates--Community-?node-id=301-11752
26,Template 26,301:11898,595,842,https://www.figma.com/design/WKNUAWm03PdRj6FXZqPQ9j/-60-Resume-CV-Templates--Community-?node-id=301-11898
27,Template 27,301:11976,595,842,https://www.figma.com/design/WKNUAWm03PdRj6FXZqPQ9j/-60-Resume-CV-Templates--Community-?node-id=301-11976
28,Template 28,301:12050,595,842,https://www.figma.com/design/WKNUAWm03PdRj6FXZqPQ9j/-60-Resume-CV-Templates--Community-?node-id=301-12050
29,Template 29,301:12104,595,842,https://www.figma.com/design/WKNUAWm03PdRj6FXZqPQ9j/-60-Resume-CV-Templates--Community-?node-id=301-12104
30,Template 30,301:12159,595,842,https://www.figma.com/design/WKNUAWm03PdRj6FXZqPQ9j/-60-Resume-CV-Templates--Community-?node-id=301-12159
31,Template 31,301:12218,595,842,https://www.figma.com/design/WKNUAWm03PdRj6FXZqPQ9j/-60-Resume-CV-Templates--Community-?node-id=301-12218
32,Template 32,301:12277,595,842,https://www.figma.com/design/WKNUAWm03PdRj6FXZqPQ9j/-60-Resume-CV-Templates--Community-?node-id=301-12277
33,Template 33,301:12312,595,842,https://www.figma.com/design/WKNUAWm03PdRj6FXZqPQ9j/-60-Resume-CV-Templates--Community-?node-id=301-12312
34,Template 34,301:12340,595,842,https://www.figma.com/design/WKNUAWm03PdRj6FXZqPQ9j/-60-Resume-CV-Templates--Community-?node-id=301-12340
35,Template 35,301:12418,595,842,https://www.figma.com/design/WKNUAWm03PdRj6FXZqPQ9j/-60-Resume-CV-Templates--Community-?node-id=301-12418
36,Template 36,301:12492,595,842,https://www.figma.com/design/WKNUAWm03PdRj6FXZqPQ9j/-60-Resume-CV-Templates--Community-?node-id=301-12492
37,Template 37,301:12579,595,842,https://www.figma.com/design/WKNUAWm03PdRj6FXZqPQ9j/-60-Resume-CV-Templates--Community-?node-id=301-12579
38,Template 38,301:12655,595,842,https://www.figma.com/design/WKNUAWm03PdRj6FXZqPQ9j/-60-Resume-CV-Templates--Community-?node-id=301-12655
39,Template 39,301:12725,595,842,https://www.figma.com/design/WKNUAWm03PdRj6FXZqPQ9j/-60-Resume-CV-Templates--Community-?node-id=301-12725
40,Template 40,301:12776,595,842,https://www.figma.com/design/WKNUAWm03PdRj6FXZqPQ9j/-60-Resume-CV-Templates--Community-?node-id=301-12776
41,Template 41,301:12823,595,842,https://www.figma.com/design/WKNUAWm03PdRj6FXZqPQ9j/-60-Resume-CV-Templates--Community-?node-id=301-12823
42,Template 42,301:12867,595,842,https://www.figma.com/design/WKNUAWm03PdRj6FXZqPQ9j/-60-Resume-CV-Templates--Community-?node-id=301-12867
43,Template 43,301:12917,595,842,https://www.figma.com/design/WKNUAWm03PdRj6FXZqPQ9j/-60-Resume-CV-Templates--Community-?node-id=301-12917
44,Template 44,301:12993,595,842,https://www.figma.com/design/WKNUAWm03PdRj6FXZqPQ9j/-60-Resume-CV-Templates--Community-?node-id=301-12993
45,Template 45,301:13049,595,842,https://www.figma.com/design/WKNUAWm03PdRj6FXZqPQ9j/-60-Resume-CV-Templates--Community-?node-id=301-13049
46,Template 46,301:13099,595,842,https://www.figma.com/design/WKNUAWm03PdRj6FXZqPQ9j/-60-Resume-CV-Templates--Community-?node-id=301-13099
47,Template 47,301:13151,595,842,https://www.figma.com/design/WKNUAWm03PdRj6FXZqPQ9j/-60-Resume-CV-Templates--Community-?node-id=301-13151
48,Template 48,301:13207,595,842,https://www.figma.com/design/WKNUAWm03PdRj6FXZqPQ9j/-60-Resume-CV-Templates--Community-?node-id=301-13207
49,Template 49,301:13267,595,842,https://www.figma.com/design/WKNUAWm03PdRj6FXZqPQ9j/-60-Resume-CV-Templates--Community-?node-id=301-13267
50,Template 50,301:13315,595,842,https://www.figma.com/design/WKNUAWm03PdRj6FXZqPQ9j/-60-Resume-CV-Templates--Community-?node-id=301-13315
51,Template 51,301:13367,595,842,https://www.figma.com/design/WKNUAWm03PdRj6FXZqPQ9j/-60-Resume-CV-Templates--Community-?node-id=301-13367
52,Template 52,301:13790,595,842,https://www.figma.com/design/WKNUAWm03PdRj6FXZqPQ9j/-60-Resume-CV-Templates--Community-?node-id=301-13790
53,Template 53,301:13948,595,842,https://www.figma.com/design/WKNUAWm03PdRj6FXZqPQ9j/-60-Resume-CV-Templates--Community-?node-id=301-13948
54,Template 54,301:14663,595,842,https://www.figma.com/design/WKNUAWm03PdRj6FXZqPQ9j/-60-Resume-CV-Templates--Community-?node-id=301-14663
55,Template 55,301:14767,595,842,https://www.figma.com/design/WKNUAWm03PdRj6FXZqPQ9j/-60-Resume-CV-Templates--Community-?node-id=301-14767
56,Template 56,301:14871,595,842,https://www.figma.com/design/WKNUAWm03PdRj6FXZqPQ9j/-60-Resume-CV-Templates--Community-?node-id=301-14871
57,Template 57,301:14988,595,842,https://www.figma.com/design/WKNUAWm03PdRj6FXZqPQ9j/-60-Resume-CV-Templates--Community-?node-id=301-14988
58,Template 58,301:19220,595,842,https://www.figma.com/design/WKNUAWm03PdRj6FXZqPQ9j/-60-Resume-CV-Templates--Community-?node-id=301-19220
59,Template 59,301:19260,595,842,https://www.figma.com/design/WKNUAWm03PdRj6FXZqPQ9j/-60-Resume-CV-Templates--Community-?node-id=301-19260
60,Template 60,301:19307,595,842,https://www.figma.com/design/WKNUAWm03PdRj6FXZqPQ9j/-60-Resume-CV-Templates--Community-?node-id=301-19307
